Buy Date,Symbol,Exchange,Buy Price,Current Price,Quantity,Initial Investment,Current Value,Profit/Loss Amount,Profit/Loss %
2026-05-21,BSR,HOSE,30900.0,29800.0,8,247200.0,238400.0,-8800.0,-3.559870550161812
2026-05-21,DCM,HOSE,41900.0,41700.0,5,209500.0,208500.0,-1000.0,-0.47732696897374705
2026-05-19,BSR,HOSE,33200.0,29800.0,30,996000.0,894000.0,-102000.0,-10.240963855421686
2026-05-19,PVP,HOSE,19650.0,18200.0,51,1002150.0,928200.0,-73950.0,-7.37913486005089
2026-05-15,BSR,HOSE,30600.0,29800.0,32,979200.0,953600.0,-25600.0,-2.6143790849673203
2026-05-12,PVT,HOSE,22750.0,23150.0,44,1001000.0,1018600.0,17600.0,1.7582417582417582
2026-05-05,DCM,HOSE,42300.0,41700.0,13,549900.0,542100.0,-7800.0,-1.4184397163120568
2026-05-05,DPM,HOSE,26300.0,26450.0,17,447100.0,449650.0,2550.0,0.5703422053231939
2026-04-23,PVT,HOSE,23100.0,23150.0,42,970200.0,972300.0,2100.0,0.21645021645021645
